{
  "banana-bake-bnb": 45.250295123924744,
  "banana-banana-bnb": 41.50870510636201,
  "banana-banana-busd": 2.0934778617334917,
  "banana-bat-bnb": 44.510661870622194,
  "banana-bhc-bnb": 345.03715070788985,
  "banana-bifi-bnb": 1930.4901721577787,
  "banana-bino-busd": 1.2089782453168683,
  "banana-blz-bnb": 18.779999860835638,
  "banana-bnb-sista": 2.792443917591301,
  "banana-bnb-stars": 11.416089782699618,
  "banana-btcb-bnb": 9286.561942687622,
  "banana-busd-bnb": 57.8810570286221,
  "banana-busd-usdc": 2.0357111888276798,
  "banana-bxbtc-bnb": 53077.52638028084,
  "banana-cake-bnb": 154.0144565493717,
  "banana-caps-bnb": 14.005787091583155,
  "banana-celr-bnb": 12.498625839928861,
  "banana-comp-bnb": 581.3846429188036,
  "banana-coti-bnb": 28.934413937545173,
  "banana-crush-wbnb": 8.08460166728706,
  "banana-cyt-bnb": 6.642663680492497,
  "banana-doge-bnb": 1854539.245060874,
  "banana-dot-bnb": 222.69255172804156,
  "banana-eps-bnb": 20.756360164258137,
  "banana-etc-bnb": 248.8805132346152,
  "banana-eth-bnb": 2572.022198377891,
  "banana-exp-wbnb": 0.14986531523834135,
  "banana-fil-wbnb": 230.51353389414416,
  "banana-frax-busd": 2.005322945845764,
  "banana-fruit-bnb": 0.46116344572979795,
  "banana-ftm-bnb": 80.62609689186961,
  "banana-guard-bnb": 26.62325202762168,
  "banana-hotcross-busd": 1.1558659987716642,
  "banana-iota-bnb": 46642624.99339969,
  "banana-keyfi-bnb": 34.86545430508622,
  "banana-land-bnb": 79.48303871325209,
  "banana-link-bnb": 208.6605655779366,
  "banana-ltc-bnb": 523.0169685052091,
  "banana-matic-bnb": 69.50865408482623,
  "banana-naut-bnb": 4498764.574174262,
  "banana-near-bnb": 189.92442895953647,
  "banana-nfty-wbnb": 10.118892103712602,
  "banana-oasis-wbnb": 44.23578779052915,
  "banana-ong-bnb": 1137194.1402581928,
  "banana-ont-bnb": 34.49386839933639,
  "banana-pots-bnb": 58.371363115532425,
  "banana-sfp-bnb": 45.31935039911351,
  "banana-shib-bnb": 0.25638319447591984,
  "banana-snx-bnb": 99.24652473629394,
  "banana-sushi-bnb": 114.5858232539593,
  "banana-sxp-bnb": 57.80896318935444,
  "banana-tape-bnb": 2.8993216553262937,
  "banana-tusd-busd": 2.004441249691388,
  "banana-twt-bnb": 37.07906463044698,
  "banana-typh-bnb": 10.080573364487801,
  "ellipsis-renbtc": 15.03131391981231,
  "belt-beltbnb": 15.03131391981231
}
