{
  "BAND": 5.055431371304118,
  "BAT": 0.9794154876082561,
  "BCFX": 0.17463277080876793,
  "BETU": 0.16738775325068547,
  "BFG": 0.020780654780769757,
  "BFI": 7.357016691748433,
  "BGO": 0.015393819707939975,
  "BHC": 60.30807174090049,
  "BIFI": 1734.2961341905561,
  "BISON": 3.3539906583398853,
  "BITI": 0.5432163824453417,
  "BLIQ": 15.955854276855995,
  "BLK": 0.015672009972157928,
  "BLZ": 0.17592642745222747,
  "BLZZ": 0.11634736895084141,
  "BMON": 0.06965129507532354,
  "BNB": 465.07223246246105,
  "CRAFT": 0.8171438636666701,
  "CRED": 15.902196247887531,
  "CRONA": 0.5336485708372695,
  "CROW": 1.8554399803907358,
  "CRUSH": 0.032984472227275574,
  "CRV": 4.438319491666668,
  "CRYSTL": 0.14379813977192743,
  "CTK": 1.3714045108450168,
  "CYC": 187.99481510370987,
  "CYT": 0.016820689865739976,
  "CZF": 0.00000140167108658747,
  "Cake": 10.791708324771438,
  "DADA": 1.3675979146277852,
  "DAI": 1,
  "DAI.e": 0.999690399800393,
  "DAIo": 1.0360689051313667,
  "DAIv1": 0.9864616023217666,
  "DAR": 1.2220031359327195,
  "DBNB": 1.7579578874282735,
  "DBTC": 98.50159640517487,
  "DDOT": 9.212791599057695
}
