{
  "1AAVE": 219.11530095380778,
  "1AXS": 72.99629240003188,
  "1BTC": 538152.0731154339,
  "1DAI": 0.998257024740575,
  "1ETH": 3224.20584766215,
  "1FRAX": 0.9961107312211158,
  "1INCH": 0,
  "1USDC": 0.9991866803424904,
  "1USDT": 0.9996596977882704,
  "1WBTC": 42844.17416044357,
  "1YGG": 4.033965710777808,
  "50C": 0.142637372263042,
  "50K": 0.024788645782335972,
  "AAVE": 216.7502751658765,
  "AAVE.e": 215.7611363459479,
  "ADA": 1.3880414602859144,
  "ADX": 0.47707635346262395,
  "ALICE": 10.444424717883889,
  "ALPA": 0.18959375129931164,
  "ALPACA": 0.45104520394543235,
  "ALPHA": 0.538865684547243,
  "AMPL": 1.2064255311488818,
  "AMPL-BSC-mp": 1.1826946686420758,
  "ANN": 0.04047869950996483,
  "ANY": 24.656752680887156,
  "AOT": 0.21801861278332987,
  "APE": 0.030137356714815294,
  "APEIN": 11.167141252142377,
  "APYS": 0.14316479862693396,
  "ARPA": 0.08019343090179185,
  "ATA": 0.5354284647250583,
  "ATOM": 41.487694756598195,
  "AURO": 0.001789171404287894,
  "AURORA": 23.17080270058916,
  "AUTO": 522.7985232689996,
  "AVAX": 86.03074384826645,
  "AVAXm": 88.34619467868038,
  "AXS": 74.47837058678994,
  "AZUKI": 0.021918350909338878,
  "BABY": 0.5928648971986111,
  "BABYCAKE": 0.00001941515711318752,
  "BAKE": 0.8834327050461486,
  "BAL": 15.79227049885183,
  "BALL": 0.3431934624100716,
  "BANANA": 0.7235714267097145,
  "BANANApoly": 0.7202404559769826,
  "BAND": 5.055431371304118,
  "BAT": 0.9794154876082561,
  "BCFX": 0.17463277080876793,
  "BCH": 373.59084422256655,
  "BCT": 5.423025284929722,
  "BDO": 0.012362024347954536,
  "BDP": 0.12729854575091518,
  "BEAR": 2.4181789709597172,
  "BEL": 1.250480898486787,
  "BELT": 1.7173996719071998,
  "BETA": 0.6157251406066213,
  "BETH": 2994.9923525217887,
  "BETU": 0.16738775325068547,
  "BFG": 0.020780654780769757,
  "BFI": 7.357016691748433,
  "BGO": 0.015393819707939975,
  "BHC": 60.30807174090049,
  "BIFI": 1734.2961341905561,
  "BISON": 3.3539906583398853,
  "BITI": 0.5432163824453417,
  "BLIQ": 15.955854276855995,
  "BLK": 0.015672009972157928,
  "BLZ": 0.17592642745222747,
  "BLZZ": 0.11634736895084141,
  "BMON": 0.06965129507532354,
  "BNB": 465.07223246246105,
  "BNBm": 468.23644741339217,
  "BONDLY": 0.0001486352591386352,
  "BONE": 0.6662867941598166,
  "BONEswap": 0.002716848275293514,
  "BOO": 32.69540125019661,
  "BOR": 444.979829670885,
  "BORING": 0.044080472680587277,
  "BP": 0.16187556722478302,
  "BREW": 0.03377230168970079,
  "BRY": 0.5517257037715206,
  "BSCDEFI": 0.3682962698144624,
  "BSCPAD": 1.4243242832372056,
  "BSCX": 3.0248830540058766,
  "BSW": 0.7026150489929529,
  "BTCB": 42868.811187021114,
  "BTCST": 19.96932088843209,
  "BTD": 0.08937011556135473,
  "BTR": 0.45214391743796634,
  "BTS": 9.766527336843826,
  "BTT": 0.002696206492390595,
  "BUNNY": 0.7812232793664478,
  "BURGER": 2.246899207994478,
  "BUSD": 1,
  "BUSD.e": 1.0032607804824667,
  "BUX": 0.5529482818132612,
  "BigONE": 0.0017279119668689154,
  "C98": 2.2729882178261263,
  "CAPS": 0.09763708047489314,
  "CARROT": 1.080194962732996,
  "CC10": 0.00002055352172860355,
  "CCAR": 0.12233882250493584,
  "CEEK": 0.46646409472276684,
  "CEL": 3.0491444330656874,
  "CELO": 4.392914812015119,
  "CELR": 0.07685802800300381,
  "CGG": 0.7002894209182142,
  "CHARGE": 298.98024133332547,
  "CHESS": 1.5037453144885706,
  "CHR": 0.8775868309172038,
  "CLAM": 7.110682719379058,
  "CLY": 1.1769124710921515,
  "COM": 0.0002855289877712634,
  "COMP": 173.7007370036142,
  "COS": 0.019404634501887882,
  "COTI": 0.38663691700211705,
  "CRA": 1.243176049226637,
  "CRAFT": 0.8171438636666701,
  "CRED": 15.902196247887531,
  "CRONA": 0.5336485708372695,
  "CROW": 1.8554399803907358,
  "CRUSH": 0.032984472227275574,
  "CRV": 4.438319491666668,
  "CRYSTL": 0.14379813977192743,
  "CTK": 1.3714045108450168,
  "CYC": 187.99481510370987,
  "CYT": 0.016820689865739976,
  "CZF": 0.00000140167108658747,
  "Cake": 10.791708324771438,
  "DADA": 1.3675979146277852,
  "DAI": 1,
  "DAI.e": 0.999690399800393,
  "DAIo": 1.0360689051313667,
  "DAIv1": 0.9864616023217666,
  "DAR": 1.2220031359327195,
  "DBNB": 1.7579578874282735,
  "DBTC": 98.50159640517487,
  "DDOT": 9.212791599057695,
  "DEFI5": 0.22537740817162363,
  "DEGEN": 3.7130745167240398,
  "DEGO": 4.878580031311127,
  "DELIRIUM": 0.008009793212231582,
  "DEP": 0.05607926695756206,
  "DERI": 0.14593300943663662,
  "DETH": 56.43693974726029,
  "DEXE": 8.574870016666114,
  "DFD": 0.03866749520876578,
  "DFT": 0.002774066448401099,
  "DFYN": 0.33288952378975467,
  "DG": 455.8085347002865,
  "DIBS": 6.1898643667603706,
  "DINO": 0.06199549485366748,
  "DIS": 18.99065717190566,
  "DITTO": 0.7389981394334975,
  "DKT": 1.2784740697114978,
  "DND": 0.00001503263485081114,
  "DODO": 0.7346133173711217,
  "DOGE": 0.1647070238074893,
  "DOGEm": 0.1368523223732524,
  "DOKI": 22.069454470072202,
  "DOLLY": 0.9479612793500274,
  "DOP": 0.039210003854664104,
  "DOT": 25.01764921194999,
  "DOTm": 25.494690519194613,
  "DPI": 238.23790567055767,
  "DPT": 0.027128074204735037,
  "DRUGS": 0.02111288345975461,
  "DSHARE": 228.22885677540233,
  "DUSK": 0.8242511625439986,
  "DVI": 0.8226883140512256,
  "DYP": 0.39679204954437364,
  "EASY": 0.06661913060552639,
  "EGLD": 183.39502228325378,
  "ELK": 5.451670106601723,
  "EOS": 2.7907520509977313,
  "EPS": 0.2136034636967215,
  "EROWAN": 0.13752612119359547,
  "ETC": 31.587569207035006,
  "ETERNAL": 1.064731794354672,
  "ETH": 3214.26001232298,
  "ETH2x": 47.69074510841439,
  "ETHm": 3220.716032837149,
  "ETHo": 5096.069574712246,
  "EXP": 0.00001047015043867546,
  "EZ": 3.079117131219318,
  "FET": 0.5134395544543244,
  "FFF": 6.758597029516486,
  "FIL": 28.084664583976153,
  "FINE": 0.17695759201008765,
  "FINN": 0.5029214260921705,
  "FISH": 0.653903274123263,
  "FOR": 0.05852739620253149,
  "FORM": 0.04315168091528378,
  "FOX": 0.4192661258622374,
  "FRAX": 0.9963534254493143,
  "FRONT": 0.5850916606844632,
  "FRUIT": 0.00010646538496525105,
  "FTM": 2.9443354159335247,
  "FTMm": 3.0133932074112995,
  "FTS": 0.12663657156867114,
  "FXS": 29.68595723511239,
  "Fuel": 42.76860398636923,
  "G$": 0.000201393443351348,
  "GARUDA": 2.064535e-14,
  "GDL": 0.0016397584214784548,
  "GHST": 2.1377692460617483,
  "GM": 0.00005475327204342591,
  "GNS": 4.191101583535546,
  "GNT": 3.77403038019e-9,
  "GOAL": 0.04673306849783616,
  "GOLD": 0.03441591695989536,
  "GOLDCOIN": 0.22611721700015483,
  "GRAND": 1.9517002046129057,
  "GRT": 0.5491314810892634,
  "GUARD": 0.03865833051029721,
  "GUM": 0.19399181719879569,
  "GUNS": 0.007236332890841464,
  "HAI": 0.10144967949093599,
  "HAKKA": 0.019291928799973306,
  "HARD": 0.6746681654285929,
  "HBAR[0x]": 0.26272393481837103,
  "HBCH": 378.42594738754593,
  "HBTC": 42963.374358399866,
  "HDOT": 25.040804429375914,
  "HERO": 0.003394457179525445,
  "HFI": 0.00046270172888598736,
  "HFIL": 28.173551273559163,
  "HGET": 3.1411627725074704,
  "HIGH": 7.26418140096155,
  "HLTC": 140.91389965719898,
  "HONEY": 5.71441947534749,
  "HONOR": 0.0009539828017265634,
  "HOO": 1.1093358031716614,
  "HOTCROSS": 0.3254364885283679,
  "HPS": 1.3504027029240186,
  "HPT": 0.0022745026309813213,
  "HT": 8.318550598573019,
  "HTB": 0.047529653922456935,
  "HUSD": 1,
  "HUSKY": 4.504658387843e-8,
  "HYFI": 0.000705701296974373,
  "HZN": 0.0947736202065373,
  "Helmet": 0.08309302948300448,
  "ICA": 0.009753152825303283,
  "ICAv1": 0.17157333094547367,
  "ICE": 14.140082847255545,
  "ICEiron": 0.0010363791728342738,
  "IDIA": 0.9355394495112753,
  "IF": 0.7730503179900409,
  "INJ": 6.469812278773477,
  "INSUR": 0.909894241832863,
  "IOTA": 1.0817453735237743,
  "IOTX": 0.10750419983134117,
  "IRON": 0.9877011558823394,
  "ITAM": 0.30875213131862334,
  "JEWEL": 14.429568939031023,
  "JGN": 0.3706483502342346,
  "JOE": 1.3009852102018251,
  "JRT": 0.06960765830209066,
  "JULD": 0.018283657265572153,
  "JUV": 7.484727179507759,
  "KALM": 1.4831659473931313,
  "KART": 0.19852491356710844,
  "KEBAB": 0.014073023703415398,